max_iterations,instance_seed,trial_seed,success,iterations,path_length,optimal_length,best_distance_to_goal,wall_time_sec,mean_entropy
610,1,1000,False,610,77,170,1,25.11,0.08972138315337183
610,1,1001,False,610,77,170,1,25.65,0.09295058977344087
610,1,1002,False,610,77,170,1,25.62,0.087120476006623
610,1,1003,False,610,77,170,1,26.11,0.09638482461451933
5000,1,1000,False,5000,77,170,1,232.4,0.04863844160212053
5000,1,1002,False,5000,77,170,1,232.54,0.06006350116512517
5000,1,1001,False,5000,77,170,1,232.89,0.051944454368734766
5000,1,1003,False,5000,77,170,1,233.13,0.05226127297211046
15000,1,1000,False,15000,77,170,1,573.47,0.04759083801843201
15000,1,1002,False,15000,77,170,1,573.72,0.05074395496434982
15000,1,1001,False,15000,77,170,1,575.02,0.04711090905489981
15000,1,1003,False,15000,77,170,1,574.73,0.048668807416768656
50000,1,1002,False,50000,77,170,1,1322.98,0.04887088336876948
50000,1,1000,False,50000,77,170,1,1324.41,0.04787737219298824
50000,1,1003,False,50000,77,170,1,1325.44,0.046776921492546655
50000,1,1001,False,50000,77,170,1,1327.05,0.04692271257916756
